type	geo
wind	52.1988214,0.0499476
wind	51.5285582,-0.2416814
wind	52.9540019,-1.2401013
wind	53.3956347,-1.6395386
wind	53.4120954,-3.0561412